{"cameraMode":{"drawMode":0,"name":"Shaded","section":"Shading Mode"},"sceneLighting":true,"audioPlay":false,"sceneViewState":{"m_AlwaysRefresh":false,"showFog":true,"showSkybox":true,"showFlares":true,"showImageEffects":true,"showParticleSystems":true,"showVisualEffectGraphs":true,"m_FxEnabled":true},"in2DMode":false,"pivot":{"x":6.794175148010254,"y":-13.271173477172852,"z":5.320254802703857},"rotation":{"x":-0.44075334072113039,"y":0.39937177300453188,"z":-0.22815626859664918,"w":-0.7708908319473267},"size":21.068355560302736,"orthographic":false}