{"cameraMode":{"drawMode":0,"name":"Shaded","section":"Shading Mode"},"sceneLighting":false,"audioPlay":false,"sceneViewState":{"m_AlwaysRefresh":false,"showFog":true,"showSkybox":false,"showFlares":true,"showImageEffects":true,"showParticleSystems":true,"showVisualEffectGraphs":true,"m_FxEnabled":true},"in2DMode":false,"pivot":{"x":-0.4041000008583069,"y":-0.17800000309944154,"z":0.04690098762512207},"rotation":{"x":-0.0038817902095615865,"y":-0.7033112645149231,"z":0.7109621167182922,"w":-0.0037326302845031025},"size":0.1072605550289154,"orthographic":false}