{"cameraMode":{"drawMode":0,"name":"Shaded","section":"Shading Mode"},"sceneLighting":true,"audioPlay":false,"sceneViewState":{"m_AlwaysRefresh":false,"showFog":true,"showSkybox":true,"showFlares":true,"showImageEffects":true,"showParticleSystems":true,"showVisualEffectGraphs":true,"m_FxEnabled":true},"in2DMode":false,"pivot":{"x":-0.01316124014556408,"y":-0.07572492957115174,"z":0.015850737690925599},"rotation":{"x":-0.0038817902095615865,"y":-0.7033112645149231,"z":0.7109621167182922,"w":-0.0037326302845031025},"size":0.381714791059494,"orthographic":false}