{"cameraMode":{"drawMode":0,"name":"Shaded","section":"Shading Mode"},"sceneLighting":false,"audioPlay":false,"sceneViewState":{"m_AlwaysRefresh":false,"showFog":true,"showSkybox":false,"showFlares":true,"showImageEffects":true,"showParticleSystems":true,"showVisualEffectGraphs":true,"m_FxEnabled":true},"in2DMode":false,"pivot":{"x":-0.414990097284317,"y":-0.20170000195503236,"z":0.13064521551132203},"rotation":{"x":0.0031977235339581968,"y":-0.7814651131629944,"z":0.6239767074584961,"w":0.00398322194814682},"size":0.07573554664850235,"orthographic":false}