{"cameraMode":{"drawMode":0,"name":"Shaded","section":"Shading Mode"},"sceneLighting":true,"audioPlay":false,"sceneViewState":{"m_AlwaysRefresh":false,"showFog":true,"showSkybox":true,"showFlares":true,"showImageEffects":true,"showParticleSystems":true,"showVisualEffectGraphs":true,"m_FxEnabled":true},"in2DMode":false,"pivot":{"x":0.6472287774085999,"y":-0.0646282508969307,"z":0.16967852413654328},"rotation":{"x":-0.003879028605297208,"y":-0.6981375217437744,"z":0.7159586548805237,"w":-0.003780723549425602},"size":0.7711041569709778,"orthographic":false}