{"cameraMode":{"drawMode":0,"name":"Shaded","section":"Shading Mode"},"sceneLighting":true,"audioPlay":false,"sceneViewState":{"m_AlwaysRefresh":false,"showFog":true,"showSkybox":true,"showFlares":true,"showImageEffects":true,"showParticleSystems":true,"showVisualEffectGraphs":true,"m_FxEnabled":true},"in2DMode":false,"pivot":{"x":-0.008848220109939576,"y":0.10138899832963944,"z":0.08954253792762757},"rotation":{"x":-0.010874312371015549,"y":0.6727278232574463,"z":-0.7397459149360657,"w":-0.009889240376651287},"size":0.12771925330162049,"orthographic":false}