{"cameraMode":{"drawMode":0,"name":"Shaded","section":"Shading Mode"},"sceneLighting":true,"audioPlay":false,"sceneViewState":{"m_AlwaysRefresh":false,"showFog":true,"showSkybox":true,"showFlares":true,"showImageEffects":true,"showParticleSystems":true,"showVisualEffectGraphs":true,"m_FxEnabled":true},"in2DMode":false,"pivot":{"x":-0.0171933826059103,"y":-0.018838360905647279,"z":0.05190392583608627},"rotation":{"x":-0.11965877562761307,"y":-0.6288740038871765,"z":0.7619569301605225,"w":-0.09865352511405945},"size":0.3650910556316376,"orthographic":false}