{"cameraMode":{"drawMode":0,"name":"Shaded","section":"Shading Mode"},"sceneLighting":false,"audioPlay":false,"sceneViewState":{"m_AlwaysRefresh":false,"showFog":true,"showSkybox":false,"showFlares":true,"showImageEffects":true,"showParticleSystems":true,"showVisualEffectGraphs":true,"m_FxEnabled":true},"in2DMode":false,"pivot":{"x":-0.4034130871295929,"y":-0.19679999351501466,"z":-0.10691164433956146},"rotation":{"x":-0.0005816854536533356,"y":0.9993757009506226,"z":-0.016799472272396089,"w":-0.0342043973505497},"size":0.0988868996500969,"orthographic":false}