{"cameraMode":{"drawMode":0,"name":"Shaded","section":"Shading Mode"},"sceneLighting":false,"audioPlay":false,"sceneViewState":{"m_AlwaysRefresh":false,"showFog":true,"showSkybox":false,"showFlares":true,"showImageEffects":true,"showParticleSystems":true,"showVisualEffectGraphs":true,"m_FxEnabled":true},"in2DMode":false,"pivot":{"x":-0.4041000008583069,"y":-0.17800000309944154,"z":0.04690098762512207},"rotation":{"x":0.027858087792992593,"y":0.877768874168396,"z":-0.47554633021354678,"w":0.051415715366601947},"size":0.1072605550289154,"orthographic":false}