{"cameraMode":{"drawMode":0,"name":"Shaded","section":"Shading Mode"},"sceneLighting":false,"audioPlay":false,"sceneViewState":{"m_AlwaysRefresh":false,"showFog":false,"showSkybox":false,"showFlares":false,"showImageEffects":false,"showParticleSystems":false,"showVisualEffectGraphs":true,"m_FxEnabled":true},"in2DMode":false,"pivot":{"x":0.0008786618709564209,"y":0.007707804441452026,"z":-0.0010384917259216309},"rotation":{"x":-0.0029579296242445709,"y":-0.6560109257698059,"z":0.7548019289970398,"w":-0.002527982695028186},"size":0.13537661731243134,"orthographic":false}